<?xml version="1.0" encoding="UTF-8"?>
<project-private xmlns="http://www.netbeans.org/ns/project-private/1">
    <editor-bookmarks xmlns="http://www.netbeans.org/ns/editor-bookmarks/2" lastBookmarkId="0"/>
    <open-files xmlns="http://www.netbeans.org/ns/projectui-open-files/2">
        <group>
            <file>file:/C:/Users/Owner/OneDrive/Documents/Collin%20Stuff/Program%20Fund%202/Chapter10Exercises/Chpt10%20Person%20and%20Customer%20Classes/src/chpt10/person/and/customer/classes/Customer.java</file>
            <file>file:/C:/Users/Owner/OneDrive/Documents/Collin%20Stuff/Program%20Fund%202/Chapter10Exercises/Chpt10%20Person%20and%20Customer%20Classes/src/chpt10/person/and/customer/classes/Chpt10PersonAndCustomerClasses.java</file>
            <file>file:/C:/Users/Owner/OneDrive/Documents/Collin%20Stuff/Program%20Fund%202/Chapter10Exercises/Chpt10%20Person%20and%20Customer%20Classes/src/chpt10/person/and/customer/classes/Person.java</file>
        </group>
    </open-files>
</project-private>
